Date,Customer_ID,Age,Gender,Income,Spending_Score,Credit_Score,Loan_Amount,Previous_Defaults,Marketing_Spend,Purchase_Frequency,Seasonality,Sales,Customer_Churn,Defaulted
2024-04-12,1,56,Female,142418,7,391,8083,1,15376,3,Low,32526,0,0
2024-02-21,2,69,Male,63088,82,652,34328,2,6889,6,Low,78493,0,0
2024-04-02,3,46,Male,136868,91,662,47891,2,6054,29,Medium,57198,1,0
2024-01-15,4,32,Female,85375.5,34,644,25103,2,4868,8,Medium,48395,0,0
2024-04-16,5,60,Male,59811,91,469,44891,1,17585,12,High,29031,1,0
2024-03-12,6,25,Male,134825,17,655,15754,1,19881,13,Low,80542,0,0
2024-03-01,7,38,Female,75479,43,490,39447,1,2842,11,Medium,42701,1,1
2024-01-21,8,56,Male,85375.5,59,721,20901,2,11058,12,Medium,30939,1,0
2024-04-12,9,36,Male,107369,51,306,38004,1,10101,1,Medium,54145,0,0
2024-03-23,10,40,Male,137520,54,432,12446,0,13497,17,Medium,25324,0,1
2024-03-27,11,28,Female,39963,24,330,42211,0,5658,16,Medium,27867,0,0
2024-03-15,12,28,Female,75123,25,834,29817,1,12381,11,Low,5203,0,1
2024-03-15,13,41,Female,145911,71,725,31116,0,8544,13,Low,21544,0,1
2024-03-28,14,53,Male,122468,52,693,46323,0,8718,18,Low,20899,0,0
2024-04-26,15,57,Male,112705,70,588.5,23752,2,14851,11,Low,34063,0,0
2024-04-09,16,41,Female,93477,88,736,37376,1,18154,28,High,95880,0,0
2024-04-13,17,20,Male,34388,33,381,21669,1,12777,12,Low,8748,1,1
2024-01-24,18,39,Male,25569,49,655,37916,2,2628,6,Medium,71629,0,0
2024-01-03,19,19,Female,89836,29,557,29817,0,1386,9,Low,85764,0,0
2024-01-22,20,41,Female,124573,63,823,25421,0,7031,16,High,25884,0,1
2024-02-22,21,61,Male,56586,22,594,31342,1,7439,4,Medium,30183,1,1
2024-01-02,22,47,Male,147018,26,588.5,9895,0,14392,3,Low,86570,0,1
2024-03-28,23,55,Male,32015,28,588.5,29817,2,19850,28,Low,76246,0,0
2024-04-17,24,19,Female,65002,85,588.5,15699,2,3282,16,Low,24259,0,1
2024-01-30,25,38,Female,136594,49,412,14715,1,2856,24,Medium,40959,0,0
2024-02-07,26,50,Female,26254,71,532,24169,2,16670,27,Medium,38457,0,1
2024-01-02,27,29,Female,37144,81,316,21163,2,2998,26,High,90679,1,0
2024-03-04,28,39,Male,44214,84,659,10782,1,6476,25,Medium,7103,1,0
2024-02-29,29,61,Female,85375.5,49,588.5,27641,2,10428,12,Medium,70901,0,0
2024-01-21,30,42,Female,100719,20,747,29817,2,5669,11,Low,49535,1,0
2024-02-02,31,66,Female,91774,86,588.5,40585,2,13336,5,Medium,21103,0,0
2024-03-16,32,44,Female,26090,92,625,29817,0,10342,25,Low,95012,0,0
2024-02-27,33,59,Female,31637,63,766,29817,1,8064,18,Low,83278,1,0
2024-01-22,34,45,Male,42415,61,713,43067,1,8446,19,Medium,17391,0,0
2024-04-17,35,33,Male,44071,49,588.5,47685,1,18815,23,High,33901,1,1
2024-03-29,36,32,Female,78243,71,532,23073,0,6624,23,High,86159,0,0
2024-02-18,37,64,Male,130951,1,523,41035,0,8461,6,Medium,72914,0,0
2024-03-31,38,68,Female,85375.5,96,711,42174,1,2819,22,High,55357,0,0
2024-02-28,39,61,Female,85375.5,13,634,29837,0,11516,18,Low,91908,0,0
2024-02-11,40,69,Male,61240,94,521,22826,1,14749,26,Low,43437,0,0
2024-04-01,41,20,Male,146146,87,336,29817,0,18514,6,Medium,40503,1,0
2024-02-29,42,54,Female,103807,51,577,15382,2,3658,4,High,98459,0,0
2024-03-20,43,68,Female,121570,56,495,9437,2,4500,12,High,80403,1,1
2024-01-15,44,24,Female,53434,83,783,10435,1,3120,19,Low,46258,1,1
2024-03-02,45,38,Male,89724,62,541,29819,0,5020,29,Medium,38724,0,0
2024-03-02,46,26,Female,135359,32,588.5,41875,0,11213,27,High,69286,0,1
2024-02-16,47,56,Female,95697,30,491,36982,2,4259,29,Medium,79842,0,0
2024-03-02,48,35,Female,48732,29,316,38328,2,11081,2,High,19908,0,0
2024-02-20,49,21,Male,141465,49,823,17329,0,2823,17,Low,97617,1,0
2024-04-17,50,42,Female,31314,45,700,29817,0,18858,11,Low,55626,0,0
2024-02-24,51,31,Female,43954,93,321,26932,0,19626,11,Medium,42228,0,0
2024-04-25,52,67,Male,77108,30,773,39594,0,14467,21,Low,28386,0,0
2024-03-04,53,26,Female,107044,16,419,16421,0,7990,16,High,51754,0,0
2024-01-03,54,43,Female,107505,40,509,12629,0,4134,2,Low,33302,0,0
2024-04-10,55,19,Male,131195,19,605,13325,1,19454,2,Medium,65815,0,0
2024-02-20,56,37,Female,123081,18,569,33495,0,17743,23,Medium,89748,0,0
2024-01-07,57,45,Male,56668,1,584,36750,2,16434,8,Medium,68344,0,0
2024-01-21,58,64,Male,43061,78,526,34619,1,16007,13,High,40618,0,0
2024-03-13,59,24,Female,99252,47,680,45461,0,11233,10,High,81234,0,0
2024-02-08,60,61,Female,59749,66,588.5,29817,2,17378,8,High,66114,0,0
2024-01-18,61,25,Female,149668,92,306,17686,1,2141,4,High,75130,1,1
2024-01-04,62,64,Female,124680,94,328,29226,2,19019,15,High,30525,0,0
2024-03-29,63,52,Male,36907,38,332,11721,0,11135,1,Low,84818,0,0
2024-02-29,64,31,Female,38777,51,378,25609,0,13966,11,High,19334,0,0
2024-01-14,65,34,Male,113229,63,758,12373,0,4361,7,High,99715,0,0
2024-04-23,66,53,Female,71745,4,837,43675,0,8835,17,Low,67767,1,0
2024-01-09,67,67,Female,128464,1,781,33937,1,12172,27,High,11644,0,0
2024-03-30,68,57,Female,148077,8,729,10656,1,17390,20,Medium,37933,0,0
2024-02-22,69,21,Male,111865,29,584,13984,2,4267,24,High,48469,1,0
2024-01-02,70,19,Female,132428,55,815,34984,0,7564,18,High,38687,0,0
2024-03-24,71,23,Female,101818,3,398,13286,2,19990,22,Medium,57656,0,0
2024-04-01,72,59,Female,85375.5,32,696,10901,1,12411,29,Medium,22375,0,0
2024-04-20,73,21,Female,43321,10,788,36552,0,6906,22,Medium,70206,0,0
2024-02-29,74,46,Male,30488,74,338,30709,0,17028,12,Medium,41607,0,0
2024-03-11,75,35,Female,42574,83,570,36055,1,8611,9,High,88178,0,0
2024-02-13,76,43,Male,25240,34,456,42685,1,18297,5,Medium,28993,1,0
2024-01-08,77,61,Male,63221,97,374,13429,1,3011,10,Medium,49386,1,0
2024-02-16,78,51,Male,30478,87,429,19716,1,18826,4,Low,51287,0,0
2024-02-04,79,27,Male,148055,55,588.5,16138,1,12246,5,Medium,91724,0,0
2024-03-18,80,53,Male,75645,92,321,40298,0,14790,28,Medium,98308,1,1
2024-03-21,81,31,Male,130698,32,758,28429,1,12738,28,Low,81312,0,0
2024-02-05,82,48,Female,39262,50,838,10772,0,15730,10,Low,80324,1,1
2024-02-19,83,65,Male,138831,7,681,29817,0,12120,11,High,76196,1,0
2024-04-13,84,32,Male,72796,93,739,44905,1,19213,21,Low,75014,0,0
2024-01-04,85,25,Male,24432,8,320,22347,1,9767,24,High,13210,0,0
2024-01-02,86,31,Female,85375.5,65,602,21920,0,14703,10,Low,15922,0,0
2024-01-06,87,40,Female,84291,57,383,36822,1,1929,28,Low,41289,0,0
2024-02-23,88,57,Male,99104,67,752,45108,1,12951,8,High,38340,1,0
2024-04-15,89,38,Female,79399,88,686,28563,1,16845,2,Low,44850,0,0
2024-01-04,90,33,Male,147600,87,806,12967,2,18438,23,High,61984,1,0
2024-02-23,91,62,Male,99714,59,556,16871,0,16747,8,Low,89178,0,0
2024-04-02,92,35,Female,70428,72,826,33763,2,6744,16,Medium,16094,0,1
2024-03-03,93,64,Male,107731,54,461,16916,1,19284,27,Low,92959,0,0
2024-01-18,94,41,Female,145646,67,462,13734,2,10649,22,High,38418,0,0
2024-03-30,95,43,Female,85375.5,51,823,38613,1,7980,5,Low,10741,0,0
2024-02-13,96,42,Male,102558,97,570,33179,2,8069,27,High,77374,0,0
2024-02-03,97,62,Male,20055,92,791,40262,1,10591,25,High,73798,1,0
2024-03-14,98,58,Female,131317,8,507,17677,2,1442,29,Medium,75532,0,1
2024-03-02,99,46,Male,28717,34,838,23268,2,5652,3,Medium,27164,0,0
2024-04-09,100,32,Male,147449,35,359,29817,2,10370,12,High,40595,0,0
2024-01-14,101,62,Male,48699,96,729,29817,0,8597,13,Low,35257,1,0
2024-04-04,102,18,Female,85375.5,88,608,42947,2,15325,13,High,19211,0,1
2024-02-17,103,42,Female,87661,78,819,32286,0,5458,10,High,10232,0,0
2024-01-15,104,24,Male,64247,32,326,29817,1,7591,4,Low,72753,1,0
2024-03-12,105,26,Female,134049,46,498,11430,2,17346,9,Low,57691,1,1
2024-03-18,106,41,Female,36748,16,686,44922,1,12826,22,Low,94765,0,0
2024-03-27,107,18,Female,125113,68,588.5,18828,1,19693,24,Low,84768,0,1
2024-03-02,108,61,Female,24621,37,835,47913,2,15138,23,High,30613,0,0
2024-02-09,109,25,Female,35034,54,677,36497,0,18294,27,High,19026,0,0
2024-03-25,110,41,Male,131927,85,826,44256,2,3169,2,Medium,58535,1,0
2024-04-18,112,68,Male,25126,95,505,29817,1,7313,1,Low,35908,1,1
2024-03-22,113,34,Female,25122,55,754,35158,2,9315,25,Medium,57113,0,0
2024-04-20,114,25,Female,38030,48,572,30032,0,9036,29,Low,24610,0,0
2024-02-22,115,52,Male,102838,82,588.5,42846,0,1785,7,High,51646,0,0
2024-01-24,116,52,Female,104717,7,820,49936,1,7139,17,Medium,68185,0,0
2024-01-26,117,50,Male,75658,74,800,34794,1,7344,3,Low,77567,1,0
2024-03-29,118,22,Male,58638,7,416,10448,0,19800,20,Medium,52574,1,0
2024-02-29,119,59,Male,87067,33,685,33861,2,15973,20,Medium,96051,0,0
2024-04-18,120,56,Female,126476,23,643,33141,1,6619,21,High,41182,0,0
2024-02-10,121,58,Female,138033,85,694,14074,0,2936,3,Low,5570,0,0
2024-01-29,122,45,Male,125977,19,363,11406,1,4807,3,Medium,24288,0,0
2024-01-15,123,24,Male,108869,19,371,36823,2,8151,17,Medium,83824,0,0
2024-02-14,124,26,Male,85375.5,36,573,28291,0,10493,7,Low,34877,0,1
2024-03-05,125,25,Male,54674,29,619,46568,1,13355,27,Medium,89425,0,1
2024-03-29,126,29,Female,55854,60,637,37003,2,4236,26,Medium,5917,1,0
2024-03-11,127,51,Female,66271,82,665,29817,1,16848,14,Medium,80602,0,0
2024-01-09,128,50,Male,93688,2,794,28312,2,3352,17,Low,69575,0,0
2024-03-28,129,65,Male,58518,1,465,48108,2,2932,18,Low,77518,0,0
2024-01-01,130,40,Female,131076,47,843,6382,0,11913,13,Low,44104,0,0
2024-04-17,131,41,Female,30267,69,310,39171,2,9556,20,Low,23062,0,0
2024-01-08,132,54,Male,110825,20,600,29817,1,6498,29,High,21999,1,0
2024-03-28,133,52,Male,21062,11,588.5,8292,2,11582,20,Medium,66845,1,1
2024-03-03,134,61,Male,136664,2,588.5,46779,2,18330,21,Low,14941,0,0
2024-01-11,135,57,Female,85375.5,67,691,38187,0,14865,27,Medium,66169,0,0
2024-04-24,136,39,Female,85375.5,87,513,17411,2,10569,18,Medium,28470,0,0
2024-03-21,137,44,Female,26229,12,588.5,42285,2,18823,4,High,64821,1,0
2024-01-08,138,52,Male,85375.5,20,700,20422,1,5857,1,Low,91669,0,1
2024-02-04,139,18,Male,85375.5,5,345,47468,0,1340,18,Low,49435,0,0
2024-02-04,140,52,Female,67915,37,762,37371,0,12181,1,Medium,9529,0,0
2024-02-02,141,54,Female,24632,38,588.5,10693,0,17766,26,Low,88055,0,0
2024-01-05,142,64,Male,85375.5,94,588.5,38535,2,9491,26,Medium,17192,0,0
2024-04-15,143,31,Female,85375.5,9,391,19818,0,1138,13,Medium,79102,1,0
2024-04-12,144,20,Female,129779,98,541,36238,2,1358,20,High,77762,0,1
2024-02-10,145,18,Male,26168,53,301,35874,2,10714,20,High,91795,0,1
2024-01-28,146,22,Female,128099,44,524,31715,1,2627,23,High,39087,0,0
2024-01-07,147,43,Male,27561,99,415,32605,1,16996,10,Medium,71677,1,0
2024-03-13,148,31,Male,93794,86,402,39317,1,6004,27,Low,9627,1,1
2024-03-12,149,56,Male,102152,24,493,36174,1,14283,11,High,61541,0,0
2024-01-12,150,44,Male,145036,81,465,14956,1,7652,9,Low,73226,1,0
2024-02-03,151,26,Male,144049,74,389,43908,2,3151,9,High,8255,0,0
2024-02-02,152,32,Male,46734,30,588.5,15837,2,10429,5,High,62433,0,0
2024-02-17,153,32,Male,26371,59,442,29817,0,15072,26,Medium,10213,0,0
2024-04-28,154,43,Female,138894,87,405,9481,2,12927,1,High,24404,0,0
2024-01-23,155,59,Male,46069,96,727,29282,2,7905,17,High,30380,0,0
2024-03-02,156,30,Male,99905,81,604,11548,1,13452,22,Medium,96056,0,0
2024-03-28,157,68,Female,32910,81,616,29817,2,17212,2,Low,24173,0,0
2024-02-06,158,49,Female,93479,14,308,12758,1,19951,24,High,58027,1,1
2024-04-08,159,56,Female,85375.5,9,372,48668,0,2307,13,Medium,28989,0,1
2024-02-13,160,66,Male,101264,40,658,28177,0,15852,9,High,29519,0,1
2024-04-13,161,69,Female,43275,66,522,29022,2,3660,29,Medium,27439,0,0
2024-03-26,162,49,Male,92274,25,588.5,45761,0,11403,4,Low,81949,0,0
2024-03-31,163,21,Male,85375.5,73,669,10542,2,11238,5,Low,19995,0,0
2024-02-04,164,47,Male,120776,22,563,30476,0,7207,11,Medium,28559,0,0
2024-03-05,165,54,Male,80004,4,617,35784,1,2140,24,Medium,94049,1,0
2024-04-08,166,40,Female,82981,26,383,27740,1,2708,19,Medium,10021,0,0
2024-04-10,167,56,Female,104659,58,617,29817,1,4630,21,Low,26119,0,0
2024-02-16,168,62,Male,74553,29,410,21052,1,11485,3,High,56539,1,1
2024-03-18,169,32,Male,68447,98,550,40153,2,13021,12,Low,99835,0,0
2024-01-03,170,60,Male,54529,87,682,5671,0,17859,26,Medium,44350,0,0
2024-01-01,171,46,Female,146394,37,306,5163,2,8684,19,Medium,51223,0,0
2024-01-05,172,53,Male,95703,75,758,29817,1,2207,19,Low,30517,0,1
2024-03-30,173,30,Male,96090,70,383,49002,2,14331,13,Medium,83653,0,0
2024-04-28,174,49,Female,37260,18,507,9795,0,2960,28,Low,27250,0,1
2024-01-14,175,24,Female,132581,85,689,15634,2,1557,7,Medium,89486,0,1
2024-04-12,176,68,Male,23812,42,613,9798,0,16883,15,High,87895,0,0
2024-01-27,177,39,Female,48024,41,321,27420,2,14893,23,High,94132,1,0
2024-01-09,178,45,Female,78656,38,709,34300,0,1882,7,Medium,96066,0,0
2024-03-19,179,19,Male,136148,34,814,29345,0,5761,26,Low,71798,0,0
2024-01-15,180,59,Female,47285,17,426,15749,1,6867,8,High,59199,1,0
2024-03-30,181,62,Male,112436,37,313,43595,0,13869,5,Low,64546,0,0
2024-02-11,182,23,Female,136421,25,311,30121,1,8166,21,Medium,93151,0,1
2024-03-17,183,45,Male,21605,76,386,42487,1,13982,14,Low,8327,1,1
2024-02-20,184,45,Male,91158,87,823,33411,1,8929,4,High,34768,0,0
2024-03-03,185,61,Male,92303,86,836,38361,2,6347,23,Low,69418,0,0
2024-04-05,186,61,Female,47139,85,600,26223,2,8269,10,Low,99386,1,0
2024-04-12,187,37,Male,97149,27,542,12394,2,14527,20,Medium,47788,0,0
2024-04-22,188,47,Female,76138,57,421,19056,2,3454,15,Medium,87384,0,0
2024-02-21,189,28,Male,138205,31,446,33380,0,19330,18,Medium,51830,0,0
2024-04-05,190,45,Male,96125,6,655,31035,0,13991,20,High,57446,0,0
2024-01-04,191,42,Female,33918,91,608,35620,2,3808,13,High,20160,0,0
2024-04-03,192,56,Male,105655,40,587,24877,0,7642,29,Medium,61583,1,1
2024-04-10,193,50,Male,47446,98,606,48404,0,4825,8,Medium,38998,0,0
2024-01-23,194,18,Female,85375.5,12,848,35911,1,4536,9,High,32230,1,0
2024-04-12,195,44,Male,33046,53,651,37784,1,16309,16,High,14076,0,0
2024-04-18,196,69,Male,149922,71,588.5,8191,1,4802,19,High,74341,1,0
2024-01-15,197,30,Male,44818,10,358,38160,1,19354,16,High,36085,0,0
2024-02-12,198,58,Male,120894,45,334,30000,0,7142,7,Medium,60571,0,0
2024-01-29,199,20,Female,135751,17,744,44040,2,10094,14,High,19715,0,0
2024-02-05,200,56,Female,24324,26,392,8631,0,1364,28,Medium,10750,0,0
2024-01-13,201,23,Male,96323,85,506,11172,0,16688,14,Low,83768,0,0
2024-02-01,202,25,Female,29111,92,652,47080,0,2863,25,Low,40903,1,0
2024-03-11,203,44,Male,58110,62,631,28561,1,17499,27,High,77489,1,0
2024-02-28,204,26,Female,36389,46,458,29817,1,8084,4,Low,37093,0,1
2024-04-24,205,54,Male,85375.5,64,323,25281,1,9016,26,Low,96036,0,0
2024-03-26,206,50,Male,61427,2,703,33671,2,3384,15,Low,92954,0,1
2024-01-28,207,68,Male,99579,54,815,30364,0,16072,3,High,39314,0,0
2024-03-06,208,59,Male,48746,65,663,46674,2,4935,5,High,53225,0,1
2024-02-11,209,61,Male,142883,51,681,32425,1,14127,1,Low,92985,1,0
2024-02-14,210,41,Male,107886,53,831,33602,2,15482,3,Medium,88014,1,0
2024-03-02,211,32,Female,127141,36,451,28253,0,8742,15,Low,40179,0,0
2024-02-26,212,49,Male,20117,26,719,28472,0,17165,24,High,30338,0,0
2024-04-26,213,49,Female,145808,29,549,13080,1,3490,27,High,97435,0,0
2024-01-06,214,41,Male,132221,21,416,12099,1,14324,8,High,74681,0,0
2024-01-28,215,58,Female,104471,11,811,30431,2,19108,29,Low,37101,0,0
2024-01-28,216,69,Female,132613,40,634,36186,1,2137,4,Medium,7775,0,0
2024-04-17,217,66,Female,85375.5,11,717,35111,1,4420,2,High,50619,1,0
2024-02-13,218,66,Male,149597,36,594,44851,0,6845,29,High,50838,0,0
2024-03-24,219,69,Male,123864,59,670,27614,1,4906,24,Low,24539,0,0
2024-01-30,220,29,Female,73441,39,485,31724,1,13413,24,Medium,62124,1,0
2024-03-02,221,56,Male,20846,99,545,29817,0,1276,10,Low,70149,1,0
2024-03-15,222,19,Female,30954,54,588.5,29817,0,19383,4,High,31616,0,1
2024-04-28,223,20,Male,85375.5,98,588.5,33758,2,18611,3,Medium,84655,0,0
2024-04-01,224,66,Female,133689,55,829,41224,1,7337,2,Medium,95695,0,0
2024-03-29,225,54,Female,66514,24,588.5,12788,0,12944,25,High,59567,1,1
2024-04-12,226,66,Male,108236,22,819,33082,2,16906,17,Medium,42099,0,0
2024-03-02,227,34,Female,85375.5,69,399,29034,2,18079,23,Medium,80831,0,0
2024-04-06,228,66,Male,148644,56,777,40479,1,13306,21,Low,66799,0,0
2024-01-01,229,19,Female,26469,33,597,29817,1,11503,24,High,95221,1,0
2024-01-27,230,19,Female,50105,36,825,23052,2,5208,20,High,30479,0,0
2024-03-02,231,45,Male,85375.5,20,633,21531,0,12590,23,High,51172,0,0
2024-04-25,232,40,Male,84323,83,301,27804,2,11886,13,High,60863,0,0
2024-03-17,233,54,Male,111922,99,588.5,33903,1,13866,5,High,47043,0,1
2024-04-14,234,49,Female,78067,81,592,49857,0,2088,21,Medium,87569,0,0
2024-01-03,235,50,Male,69376,62,617,15142,0,4363,9,Low,20408,1,0
2024-04-12,236,18,Female,65587,98,801,14866,2,1024,25,High,62980,1,0
2024-03-10,237,36,Female,85375.5,73,680,9531,1,10764,29,Low,87956,0,0
2024-03-12,238,19,Male,124587,26,588.5,43098,2,10959,25,Low,21351,0,0
2024-01-27,239,61,Male,147534,66,803,43278,2,13935,28,Medium,9131,0,0
2024-01-09,240,43,Female,87584,73,530,33138,2,9068,22,High,49825,0,1
2024-03-02,241,49,Female,124537,73,383,32065,0,19619,6,Medium,16349,0,1
2024-02-06,242,23,Male,98477,40,429,34956,0,8295,5,High,65931,1,0
2024-04-06,243,49,Male,85375.5,17,588.5,46732,1,9392,25,Medium,49254,0,0
2024-02-20,244,21,Male,62533,1,327,44261,1,12390,10,Low,43225,0,0
2024-04-15,245,28,Male,21828,89,365,29817,2,9448,8,High,17453,0,0
2024-02-13,246,34,Male,21917,61,462,29817,2,11433,7,Low,23814,1,0
2024-01-24,247,55,Female,40618,43,528,47533,2,16038,7,Low,23263,0,0
2024-03-19,248,41,Female,52254,42,560,33270,1,12528,6,Medium,82694,1,0
2024-02-28,249,22,Female,85375.5,25,748,18279,0,16743,21,High,20735,1,0
2024-04-27,250,69,Female,136714,39,723,29817,0,9605,29,Low,20830,0,1
2024-02-01,251,51,Male,67362,35,759,49251,2,3014,20,Medium,52893,0,0
2024-04-05,252,23,Male,40128,3,600,28888,2,2381,3,High,49673,0,0
2024-03-28,253,39,Male,143781,44,602,29817,2,2098,19,High,94462,0,0
2024-04-14,254,28,Female,131281,51,586,40144,2,10101,22,Low,50066,0,0
2024-02-21,255,65,Female,79383,94,694,36182,1,1187,15,High,8373,0,0
2024-04-22,256,33,Male,85375.5,98,309,30538,0,12948,4,Low,15335,0,0
2024-03-02,257,50,Male,102180,12,569,16824,2,11207,28,High,28741,0,0
2024-04-22,258,26,Female,107958,19,660,37125,1,3092,12,Medium,15692,0,0
2024-02-27,259,23,Female,85375.5,44,556,11979,2,19514,6,Low,52295,1,0
2024-02-21,260,33,Male,22219,59,432,31189,2,6242,19,Low,50541,0,0
2024-01-12,261,46,Male,59809,49,575,47600,0,9549,4,High,39057,0,0
2024-02-08,262,20,Female,136748,61,812,17504,2,6185,15,High,71983,0,1
2024-01-02,263,37,Male,25287,17,612,25669,0,16271,9,Low,24583,0,0
2024-01-03,264,53,Male,146593,74,588.5,29817,0,6776,5,High,27765,0,0
2024-04-22,265,36,Male,54387,57,420,39964,0,13449,13,Medium,64287,0,0
2024-04-10,266,43,Female,28512,55,406,29817,1,8823,23,High,28906,0,0
2024-04-22,267,20,Female,21342,47,503,30227,1,16717,26,Medium,90103,0,0
2024-02-25,268,36,Female,83076,12,464,10978,0,8355,18,Medium,84675,0,0
2024-03-21,269,37,Female,128872,62,604,26991,2,7465,5,Medium,51525,0,0
2024-02-28,270,49,Female,39216,80,796,22153,0,13737,25,Medium,43230,0,1
2024-04-22,271,24,Female,137512,88,455,38548,2,18881,16,Medium,24520,0,0
2024-01-02,272,69,Female,136682,83,588.5,47676,0,14324,27,High,90238,0,0
2024-01-02,273,58,Male,113070,8,550,44071,2,11350,19,Medium,56934,0,0
2024-04-01,274,50,Male,85375.5,95,633,8983,1,3555,14,High,30566,0,0
2024-02-23,275,57,Male,117829,21,810,14503,2,3951,25,Medium,78193,0,0
2024-03-27,276,56,Male,46614,81,592,34921,0,18622,16,Low,35134,0,0
2024-04-10,277,35,Male,56258,87,319,21905,1,5727,27,Medium,15345,0,0
2024-04-05,278,57,Male,113789,80,581,28953,2,6686,15,Low,46185,1,0
2024-04-06,279,18,Male,62078,70,300,31806,2,4701,22,Medium,97949,1,0
2024-01-01,280,28,Female,85375.5,72,418,27168,2,3780,4,Medium,75744,0,0
2024-01-19,281,45,Female,85375.5,25,334,29817,2,18972,7,Medium,38455,0,0
2024-01-02,282,42,Male,116573,82,497,43714,2,3368,16,Low,33018,0,0
2024-02-22,283,67,Male,32219,89,784,44896,1,16592,24,Low,59219,0,1
2024-02-13,284,40,Female,20235,12,358,16889,1,1436,22,Medium,50991,0,0
2024-03-30,285,48,Male,62929,15,460,29817,1,3828,21,High,78616,0,0
2024-02-01,286,47,Male,147309,59,505,17275,1,2556,22,Medium,92438,0,0
2024-03-10,287,59,Female,87444,26,311,7461,0,14364,21,Low,14486,1,0
2024-02-01,288,52,Male,28567,26,789,19291,1,16061,8,Medium,43862,0,0
2024-04-28,289,24,Female,121834,47,575,16435,2,11576,17,Low,63870,0,1
2024-03-08,290,33,Male,90792,32,588.5,32935,2,17566,16,Low,91694,0,0
2024-02-24,291,43,Female,85441,10,515,38453,1,8190,27,Low,48856,0,0
2024-03-15,292,65,Female,104555,16,550,23544,2,6565,23,Medium,91055,0,0
2024-02-25,293,69,Female,93698,71,425,17258,1,16369,10,Low,36379,0,0
2024-01-17,294,66,Male,144450,17,516,35841,2,2589,10,Low,69729,1,0
2024-02-07,295,19,Female,137248,23,605,15736,0,1159,27,Medium,33378,0,0
2024-01-24,296,18,Male,25415,26,484,42643,0,13145,2,Low,59353,0,0
2024-03-09,297,65,Male,85375.5,85,338,48950,1,16373,9,Medium,54996,1,0
2024-04-25,298,29,Male,63925,86,522,39964,1,7555,17,Low,19031,0,0
2024-04-07,299,22,Male,146523,7,483,33044,1,17237,11,High,85072,1,0
2024-03-10,300,54,Female,25951,14,794,44933,2,10203,10,High,70982,0,0
2024-01-11,302,26,Male,28007,7,477,19215,0,15743,25,High,22618,0,0
2024-04-21,303,58,Male,146730,9,588.5,38069,2,14333,17,Medium,11587,0,0
2024-01-16,304,52,Female,61832,48,593,28911,1,14341,4,High,67790,0,0
2024-04-06,305,36,Male,78596,72,450,22030,2,19691,16,Low,36480,0,0
2024-03-13,306,65,Female,141101,59,683,34334,2,2228,20,Low,25527,1,0
2024-02-28,307,33,Male,50523,87,607,19571,1,6590,15,Medium,28569,1,0
2024-03-10,308,20,Male,108861,93,635,47719,2,6585,25,Low,16151,0,0
2024-03-20,309,37,Female,144194,82,674,33927,0,10227,27,Medium,76094,0,1
2024-04-02,310,41,Male,106740,95,307,25714,0,7046,21,High,64174,0,0
2024-01-03,311,50,Female,35524,94,640,48541,2,13237,5,High,49739,0,0
2024-01-20,312,41,Male,149028,39,428,28387,1,16649,6,Medium,37954,0,0
2024-02-28,313,69,Male,39282,99,651,33444,2,5945,17,Medium,40303,0,0
2024-02-05,314,28,Male,43930,18,657,24921,0,8927,1,Low,39700,0,0
2024-01-19,315,66,Female,85375.5,59,816,18057,2,13641,25,High,98036,0,0
2024-03-30,316,25,Male,125881,17,794,29858,2,16998,19,Medium,72568,1,0
2024-03-07,317,53,Male,145501,14,385,49638,0,14386,4,High,71788,0,0
2024-01-19,318,55,Male,40611,31,588.5,31062,2,8016,17,Medium,76045,0,0
2024-01-20,319,57,Male,36984,24,492,41850,2,15027,9,High,42842,0,0
2024-04-05,320,37,Female,34060,99,588.5,25567,1,16920,24,Low,18900,0,0
2024-03-11,321,52,Female,102985,60,418,34739,1,14752,2,High,85059,0,0
2024-02-21,322,65,Male,104056,45,517,48285,0,19268,8,High,6881,0,1
2024-04-14,323,42,Female,145329,98,726,8754,0,19193,15,High,38037,1,0
2024-02-02,324,52,Male,63303,3,713,32044,0,4167,7,High,6630,0,0
2024-02-09,325,42,Male,79207,37,588.5,6724,1,12989,27,High,25789,0,0
2024-02-08,326,46,Male,95046,43,444,6376,0,15087,6,Low,93059,1,0
2024-03-22,327,35,Female,49287,40,837,13706,0,3437,1,Medium,88494,1,0
2024-04-13,328,63,Female,113709,90,588.5,13894,0,16275,15,High,51151,0,0
2024-01-01,329,35,Female,59711,55,644,29817,1,6276,23,Low,53920,0,0
2024-01-11,330,19,Female,31954,87,300,23450,2,9859,26,High,72231,0,0
2024-04-01,331,52,Female,93340,39,446,21406,0,8818,7,High,85357,0,0
2024-02-26,332,33,Female,92101,15,586,34725,2,5728,29,Medium,8262,0,1
2024-03-29,333,58,Female,91520,4,352,10926,0,6738,25,High,71981,0,0
2024-02-19,334,53,Female,107062,93,603,44019,2,6793,17,Low,86972,0,0
2024-01-23,335,50,Female,122974,86,588.5,14496,1,5523,2,Low,80485,0,0
2024-01-31,336,21,Male,38574,25,660,41068,1,6571,27,Medium,59722,0,0
2024-04-03,337,50,Female,29184,13,519,34806,0,17209,9,High,94499,0,0
2024-02-11,338,31,Female,39096,82,460,27663,2,16246,29,Low,55818,0,0
2024-04-08,339,38,Female,87728,33,388,46321,1,11380,9,High,34932,0,0
2024-01-07,340,65,Female,54016,16,458,41495,0,3224,13,High,11901,0,1
2024-01-16,341,37,Female,31246,42,788,27656,0,9389,6,High,13597,0,1
2024-03-30,342,25,Female,65558,66,623,30860,1,16927,6,Medium,68909,0,1
2024-04-21,343,24,Female,138721,55,680,21832,1,12684,20,High,77391,0,0
2024-04-25,344,20,Female,38381,99,401,29817,0,11640,20,Low,89214,0,0
2024-02-29,345,34,Female,147796,42,793,26727,2,9662,21,High,13263,0,0
2024-04-22,346,50,Female,56455,34,318,47815,2,7361,3,Low,68293,1,0
2024-01-02,347,65,Female,112263,30,753,29817,2,2948,17,High,30805,1,0
2024-02-17,349,68,Male,31302,13,696,7520,1,12992,12,Low,16874,0,0
2024-01-12,350,39,Female,87506,18,578,8081,0,7318,16,High,98065,0,0
2024-03-09,351,39,Female,61157,32,664,39196,1,13180,15,High,91402,0,0
2024-02-06,352,63,Male,74917,96,630,41735,2,1234,13,Low,19079,0,1
2024-02-01,353,47,Female,112738,99,643,44213,2,16372,23,Medium,54850,1,0
2024-04-28,354,55,Male,116646,39,754,19566,1,1522,1,High,77779,0,0
2024-01-09,355,55,Male,103122,46,364,19042,1,13718,17,Medium,14018,0,0
2024-04-14,356,62,Male,44519,29,375,30498,0,10821,3,High,54500,1,0
2024-04-08,357,68,Male,116809,62,442,16329,2,6832,26,High,17100,1,1
2024-01-19,358,25,Male,107487,93,772,36656,0,13820,15,High,62021,1,0
2024-02-17,359,44,Female,76819,62,716,7159,0,17211,4,High,24800,0,0
2024-03-20,360,44,Male,100910,57,604,42900,0,8122,4,Medium,68400,0,0
2024-01-03,361,51,Female,140430,16,796,24363,2,6842,18,High,97446,0,1
2024-01-20,362,38,Female,91324,56,590,29817,0,2316,17,Low,34437,0,0
2024-01-24,363,47,Male,25408,10,588.5,24033,0,14200,19,Low,81537,0,1
2024-02-23,364,50,Male,79379,30,588.5,29817,0,18508,11,Medium,51675,0,0
2024-04-29,365,45,Female,45053,25,302,40851,0,16206,20,High,24942,1,0
2024-02-02,366,64,Male,29446,84,384,31832,0,19971,3,Low,25862,0,0
2024-01-24,367,50,Male,85375.5,5,588.5,18944,0,2378,8,Medium,16669,0,1
2024-04-25,368,22,Female,118723,65,749,24873,2,2519,14,High,58772,0,0
2024-03-15,369,65,Female,71356,94,753,45372,0,8935,26,Low,20916,0,0
2024-04-22,370,36,Male,30789,49,520,28928,1,7093,1,Low,15878,0,0
2024-03-12,371,21,Female,117720,3,453,20379,0,6355,14,Medium,7985,0,0
2024-02-05,372,52,Male,86656,45,311,41751,0,10083,2,High,78648,0,0
2024-02-07,373,66,Male,85375.5,14,432,39546,2,6574,29,High,46235,0,1
2024-04-13,374,34,Male,84484,30,603,29286,2,14324,23,Low,23931,0,0
2024-03-24,375,61,Female,52154,68,592,10110,1,3257,4,Low,97876,1,0
2024-04-08,376,45,Female,85375.5,18,599,17087,1,14411,24,Low,5336,0,0
2024-04-21,377,47,Female,22336,62,342,28762,2,16233,27,High,47933,0,0
2024-03-29,378,46,Female,123677,37,642,22081,2,16887,29,Medium,89899,0,0
2024-04-08,379,63,Female,87779,25,625,39947,0,3005,19,Medium,50536,0,0
2024-01-25,380,23,Male,39029,48,588.5,14596,2,19400,6,High,74504,0,0
2024-04-02,381,52,Male,79201,65,663,43019,1,11860,25,Medium,56148,0,0
2024-01-18,382,58,Male,52265,53,726,47003,0,11070,1,Low,21279,1,0
2024-04-19,383,54,Male,122916,79,320,29817,1,10388,17,Medium,73665,1,0
2024-03-22,384,41,Female,132250,73,706,6013,0,19156,8,Medium,76386,0,0
2024-03-06,385,46,Male,136553,15,635,28705,2,19135,19,Medium,91124,1,1
2024-02-23,386,66,Female,63872,49,416,6828,1,15609,21,Low,82485,0,1
2024-02-04,387,63,Male,66197,88,423,12909,0,17363,1,High,79055,0,1
2024-03-20,388,48,Female,145733,68,698,43356,0,17923,5,Low,96911,0,0
2024-03-01,389,52,Female,75180,12,350,18109,2,15823,27,High,82273,0,0
2024-02-10,390,50,Male,85375.5,59,623,7023,2,18845,16,High,71670,1,0
2024-04-09,391,69,Male,49486,37,440,19537,2,9547,6,High,81474,0,0
2024-02-02,392,38,Male,85375.5,61,769,31661,1,12515,8,Medium,59028,1,0
2024-03-08,393,49,Male,148876,43,633,43659,0,1234,13,Medium,95022,0,0
2024-01-14,395,50,Male,84435,39,793,42804,1,18932,3,High,76128,0,0
2024-01-21,396,20,Male,60631,56,838,20379,1,8480,19,Medium,23108,0,1
2024-02-17,397,35,Female,85375.5,63,455,32766,1,5213,12,Low,57495,0,0
2024-01-20,398,42,Male,121532,46,590,48590,2,11293,16,High,87806,1,1
2024-04-29,399,59,Male,40103,88,443,7563,2,2673,27,Low,98185,0,0
2024-01-08,400,48,Male,84772,11,405,41060,0,3100,11,Medium,81533,1,0
2024-01-07,401,20,Male,85375.5,62,719,34197,0,12849,10,High,61830,1,0
2024-03-07,402,57,Male,85375.5,77,301,8586,2,19199,25,Low,79640,0,0
2024-01-17,403,63,Female,104291,98,588.5,29817,1,4841,20,Low,57509,1,1
2024-02-02,404,41,Male,121195,25,644,28225,1,11197,4,Low,71406,1,1
2024-02-17,405,67,Male,23756,71,649,34750,1,9016,12,Medium,99220,0,0
2024-03-16,406,49,Male,40609,52,758,11643,0,8011,23,Medium,44519,1,0
2024-02-28,407,64,Male,134074,4,562,32523,1,5493,2,Low,54649,1,1
2024-04-24,408,39,Male,36478,59,650,41727,0,18058,24,Low,39524,0,0
2024-03-26,409,40,Female,120978,72,407,16005,0,9578,22,Medium,38885,0,1
2024-04-28,410,19,Male,59666,20,338,48543,1,3158,19,Low,49369,1,0
2024-01-22,411,44,Female,85375.5,93,458,29817,1,3064,25,Low,35676,0,0
2024-04-19,412,59,Female,119097,63,611,21029,2,4253,5,Medium,69093,0,0
2024-01-30,413,19,Male,144714,54,540,19226,2,13828,8,Low,52764,0,0
2024-02-07,414,43,Male,85375.5,74,744,33731,1,2401,7,Low,55799,1,0
2024-04-11,415,34,Male,91315,98,597,48922,0,16193,14,Low,84414,0,0
2024-04-18,416,57,Male,85375.5,57,335,49848,0,13096,24,Medium,98095,1,0
2024-02-20,417,50,Female,146205,90,383,8390,0,5214,23,Low,77307,0,0
2024-02-23,418,26,Male,34153,41,751,10997,0,12023,3,Medium,87062,0,0
2024-01-08,419,60,Male,129415,3,684,17693,0,12950,18,Medium,36923,0,0
2024-01-27,420,65,Male,96325,6,471,47092,2,11704,16,High,83388,0,0
2024-01-27,421,56,Male,129701,5,675,5541,1,11343,23,High,52574,0,0
2024-04-07,422,46,Male,32999,5,661,29817,2,12867,19,Low,48391,1,0
2024-01-21,423,59,Male,75318,54,440,42861,0,3745,19,Medium,58664,1,1
2024-01-30,424,43,Female,20814,47,417,18428,0,4866,18,High,72384,0,1
2024-04-06,425,52,Female,135033,87,588.5,29817,0,12956,20,Low,36027,0,0
2024-01-28,426,67,Male,96077,49,519,15258,0,6818,16,High,40464,1,0
2024-04-20,427,42,Male,110474,9,325,21044,1,19606,8,High,39485,1,1
2024-03-04,428,41,Male,22443,99,820,34411,0,17093,28,Medium,24456,0,1
2024-04-06,429,30,Female,95993,20,309,29817,1,16493,1,Medium,79795,0,0
2024-03-09,430,24,Male,95916,61,677,33854,0,18908,17,High,40554,0,0
2024-03-01,431,53,Female,93319,35,451,11256,1,9224,12,High,51922,1,0
2024-02-17,432,62,Male,85375.5,50,348,15720,2,5025,21,Medium,18409,0,0
2024-01-19,433,37,Male,129777,82,453,38937,0,19950,11,Low,74327,0,0
2024-01-04,434,18,Male,37368,62,592,38598,1,7155,5,Medium,96400,0,0
2024-02-04,435,25,Male,35328,17,349,6651,2,14839,27,High,41639,1,1
2024-03-04,436,63,Female,85375.5,88,830,24194,0,1719,12,Low,68627,0,1
2024-01-17,438,31,Male,119131,32,466,32386,0,18356,6,Low,24692,0,0
2024-02-13,439,29,Male,47306,99,501,14518,1,19591,1,High,94037,0,0
2024-04-01,440,68,Female,105451,13,445,21184,1,5426,5,Low,83840,0,1
2024-01-30,441,40,Female,59915,89,738,38787,2,13512,25,Low,59200,1,0
2024-04-02,442,32,Female,57219,73,541,26621,1,16064,28,High,98063,1,0
2024-02-15,443,45,Female,100879,68,782,15028,1,14767,14,Low,62415,1,0
2024-04-26,444,51,Male,131939,14,407,17448,0,12308,5,Medium,23074,1,0
2024-01-06,445,19,Female,84644,98,588.5,29817,0,12477,22,High,20549,0,0
2024-04-08,446,49,Male,80279,11,731,35447,0,13903,24,Medium,34963,1,0
2024-04-14,447,40,Female,73028,56,718,23394,0,9680,27,High,96456,0,0
2024-02-06,448,39,Female,124263,67,754,39501,0,3204,1,Low,57265,0,1
2024-01-24,449,68,Female,20126,92,588.5,35254,0,2102,18,Low,21061,1,1
2024-04-02,450,42,Female,72329,29,822,23509,0,6243,16,Low,63226,0,1
2024-04-22,451,39,Female,47632,9,376,19472,2,7614,9,High,33810,0,0
2024-02-15,452,39,Male,127099,67,808,8471,2,17299,19,Medium,65006,0,0
2024-02-22,453,66,Male,85310,25,740,29817,2,9707,22,Medium,27800,0,0
2024-04-04,454,69,Female,85375.5,98,553,29817,2,14913,5,High,80476,0,1
2024-04-08,455,59,Female,75176,76,619,13329,0,1630,27,High,74460,1,0
2024-02-29,456,23,Male,139797,42,562,29817,2,12908,2,Medium,62767,1,0
2024-04-06,457,32,Female,106066,9,673,33272,0,11847,15,Medium,33054,0,0
2024-04-25,458,60,Female,125500,79,466,47845,2,10171,7,Medium,80319,0,0
2024-03-03,459,54,Male,146413,40,758,29817,1,13721,4,Medium,50397,0,0
2024-03-25,460,50,Female,64327,25,579,37373,2,17661,1,High,18233,1,0
2024-02-01,461,25,Female,85375.5,5,601,40525,2,17616,13,High,95020,0,0
2024-03-27,462,61,Male,23797,11,588.5,29570,0,10744,20,Low,30068,0,0
2024-02-02,463,61,Male,67882,59,517,23284,2,6690,22,Medium,70727,0,1
2024-03-07,464,22,Male,33718,98,401,23994,1,14401,7,Low,95610,0,0
2024-01-18,465,56,Female,54560,88,587,28284,0,8659,15,High,75453,0,0
2024-01-25,466,21,Male,96589,79,466,22833,0,11601,23,High,30832,1,0
2024-04-15,467,23,Male,42116,38,335,30122,2,12704,14,Low,91242,0,1
2024-04-04,468,62,Male,56244,72,652,10017,0,1025,23,Medium,18682,0,0
2024-02-23,469,49,Male,121721,5,372,21370,0,16384,19,Medium,97298,0,1
2024-02-27,470,69,Male,21645,48,652,34252,0,14705,22,Medium,28383,0,0
2024-03-07,471,47,Male,67523,90,588.5,12999,0,9652,29,Medium,63160,0,1
2024-04-13,472,64,Female,144085,18,724,29817,0,14379,24,Low,98332,0,1
2024-02-15,473,52,Female,137718,70,588.5,47963,0,8006,20,Low,28666,0,0
2024-01-24,474,57,Male,39256,37,727,7096,1,19378,29,High,63817,0,0
2024-04-23,475,69,Male,121376,60,838,30279,2,9682,24,Medium,96198,1,0
2024-02-01,476,33,Male,120158,48,459,48363,1,2072,18,Medium,39642,0,0
2024-02-16,477,30,Female,73173,77,448,31201,0,1215,10,Medium,46830,1,0
2024-03-26,478,67,Female,57430,28,588.5,24715,0,10915,9,Low,15234,0,0
2024-03-06,480,47,Female,139719,77,680,20078,1,19990,8,Low,14221,0,0
2024-01-27,481,36,Female,83374,81,357,10105,2,15824,26,Medium,16410,1,0
2024-04-15,482,34,Female,88244,40,558,34312,1,4313,29,Medium,85055,0,0
2024-01-02,483,36,Female,31694,45,641,7839,0,12033,10,High,66413,0,0
2024-03-30,484,45,Female,76264,96,429,8384,2,10968,17,Medium,6051,1,0
2024-01-17,485,43,Female,95060,62,471,48619,2,17241,2,Medium,80301,0,0
2024-04-13,486,54,Male,117416,93,508,47821,0,6939,6,High,81918,0,0
2024-02-02,487,43,Male,77545,58,653,18493,2,15696,26,Low,83116,0,1
2024-01-09,488,40,Male,138195,67,770,22069,1,15794,5,Low,61563,0,0
2024-02-12,489,26,Male,59224,56,415,29817,1,3295,28,Medium,49757,0,0
2024-04-27,490,29,Female,122516,40,563,42051,1,2696,9,Low,82475,0,0
2024-02-17,491,18,Female,117945,98,741,12736,1,12185,5,Medium,56257,0,1
2024-02-08,492,18,Male,33224,40,847,12710,0,19330,18,High,5307,1,1
2024-04-02,493,64,Female,60738,91,752,6619,2,13001,26,High,61889,0,1
2024-02-11,494,51,Male,45150,77,776,29817,1,15350,20,Medium,73895,1,0
2024-04-28,495,49,Female,83731,33,586,28252,0,4644,9,High,40944,1,0
2024-01-26,496,65,Male,69688,6,602,20261,2,7420,17,High,43134,0,0
2024-04-08,497,42,Female,119929,88,610,6431,2,12837,27,Medium,32323,0,0
2024-02-19,498,57,Female,128618,19,507,14067,0,7353,17,Medium,76762,0,1
2024-01-25,499,62,Male,93509,80,745,42481,0,11541,12,High,92225,0,0
2024-01-24,500,18,Female,28577,40,354,29817,1,2932,7,Low,30954,1,0
